{
  "project_info": {
    "project_number": "976965941574",
    "firebase_url": "https://fir-fix-a08e1.firebaseio.com",
    "project_id": "fir-fix-a08e1",
    "storage_bucket": "fir-fix-a08e1.appspot.com"
  },
  "client": [
    {
      "client_info": {
        "mobilesdk_app_id": "1:976965941574:android:8e874635d56c4819c50d47",
        "android_client_info": {
          "package_name": "com.uc.myfire"
        }
      },
      "oauth_client": [
        {
          "client_id": "976965941574-1bnomnrt2pkumc1soiks1f094526v9jg.apps.googleusercontent.com",
          "client_type": 1,
          "android_info": {
            "package_name": "com.uc.myfire",
            "certificate_hash": "1b4b3938f5d1543f9d59a872912159e85f2bdadc"
          }
        },
        {
          "client_id": "976965941574-7nt1c1ejn9tl2r2n839jurlcbro232bn.apps.googleusercontent.com",
          "client_type": 3
        }
      ],
      "api_key": [
        {
          "current_key": "AIzaSyCiTcuEKNKghFYuCYnYDjPOgYeAhsRXzSM"
        }
      ],
      "services": {
        "appinvite_service": {
          "other_platform_oauth_client": [
            {
              "client_id": "976965941574-7nt1c1ejn9tl2r2n839jurlcbro232bn.apps.googleusercontent.com",
              "client_type": 3
            }
          ]
        }
      }
    }
  ],
  "configuration_version": "1"
}